"SourceFile","FileName","CreateDate","Description","Keywords"
"_SELECTS High Res/JJ Watt/170221-gatorade-jj-0010.jpg","170221-gatorade-jj-0010.jpg","2017:02:21 16:32:49","Gatorade IMG Academy Shoot - Winter 2016","None, Product Hero, Recover Bar, Towel, GTQ"
"_SELECTS High Res/JJ Watt/170221-gatorade-jj-0012.jpg","170221-gatorade-jj-0012.jpg","2017:02:21 16:33:07","Gatorade IMG Academy Shoot - Winter 2016","None, Product Hero, Recover Bar, Towel, GTQ - Fierce"
"_SELECTS High Res/JJ Watt/170221-gatorade-jj-0014.jpg","170221-gatorade-jj-0014.jpg","2017:02:21 16:33:11","Gatorade IMG Academy Shoot - Winter 2016","None, Product Hero, Recover Bar, Towel"
"_SELECTS High Res/JJ Watt/170221-gatorade-jj-0019.jpg","170221-gatorade-jj-0019.jpg","2017:02:21 16:36:13","Gatorade IMG Academy Shoot - Winter 2016","None, Recover Bar"
"_SELECTS High Res/JJ Watt/170221-gatorade-jj-0025.jpg","170221-gatorade-jj-0025.jpg","2017:02:21 16:40:47","Gatorade IMG Academy Shoot - Winter 2016","JJ Watt, Male, One, Practice, Protein Powder, Shaker Bottle"
"_SELECTS High Res/JJ Watt/170221-gatorade-jj-0031.jpg","170221-gatorade-jj-0031.jpg","2017:02:21 16:41:06","Gatorade IMG Academy Shoot - Winter 2016","JJ Watt, Male, One, Practice, Protein Powder, Shaker Bottle"
"_SELECTS High Res/JJ Watt/170221-gatorade-jj-0033.jpg","170221-gatorade-jj-0033.jpg","2017:02:21 16:41:08","Gatorade IMG Academy Shoot - Winter 2016","JJ Watt, Male, One, Practice, Protein Powder, Shaker Bottle"
"_SELECTS High Res/JJ Watt/170221-gatorade-jj-0035.jpg","170221-gatorade-jj-0035.jpg","2017:02:21 16:41:18","Gatorade IMG Academy Shoot - Winter 2016","JJ Watt, Male, One, Practice, Protein Powder, Shaker Bottle"
"_SELECTS High Res/JJ Watt/170221-gatorade-jj-0037.jpg","170221-gatorade-jj-0037.jpg","2017:02:21 16:41:21","Gatorade IMG Academy Shoot - Winter 2016","JJ Watt, Male, One, Practice, Protein Powder, Shaker Bottle"
"_SELECTS High Res/JJ Watt/170221-gatorade-jj-0039.jpg","170221-gatorade-jj-0039.jpg","2017:02:21 16:41:25","Gatorade IMG Academy Shoot - Winter 2016","JJ Watt, Male, One, Practice, Protein Powder, Shaker Bottle"
"_SELECTS High Res/JJ Watt/170221-gatorade-jj-0041.jpg","170221-gatorade-jj-0041.jpg","2017:02:21 16:41:26","Gatorade IMG Academy Shoot - Winter 2016","JJ Watt, Male, One, Practice, Protein Powder, Shaker Bottle"
"_SELECTS High Res/JJ Watt/170221-gatorade-jj-0051.jpg","170221-gatorade-jj-0051.jpg","2017:02:21 16:41:47","Gatorade IMG Academy Shoot - Winter 2016","JJ Watt, Male, One, Practice, Protein Powder, Shaker Bottle, Towel"
"_SELECTS High Res/JJ Watt/170221-gatorade-jj-0055.jpg","170221-gatorade-jj-0055.jpg","2017:02:21 16:41:50","Gatorade IMG Academy Shoot - Winter 2016","JJ Watt, Male, One, Practice, Protein Powder, Shaker Bottle, Towel"
"_SELECTS High Res/JJ Watt/170221-gatorade-jj-0059.jpg","170221-gatorade-jj-0059.jpg","2017:02:21 16:41:55","Gatorade IMG Academy Shoot - Winter 2016","JJ Watt, Male, One, Practice, Protein Powder, Shaker Bottle, Towel"
"_SELECTS High Res/JJ Watt/170221-gatorade-jj-0064.jpg","170221-gatorade-jj-0064.jpg","2017:02:21 16:42:21","Gatorade IMG Academy Shoot - Winter 2016","JJ Watt, Male, One, Practice, Protein Powder, Shaker Bottle, Towel"
"_SELECTS High Res/JJ Watt/170221-gatorade-jj-0068.jpg","170221-gatorade-jj-0068.jpg","2017:02:21 16:42:25","Gatorade IMG Academy Shoot - Winter 2016","JJ Watt, Male, One, Practice, Protein Powder, Shaker Bottle, Towel"
"_SELECTS High Res/JJ Watt/170221-gatorade-jj-0069.jpg","170221-gatorade-jj-0069.jpg","2017:02:21 16:42:26","Gatorade IMG Academy Shoot - Winter 2016","JJ Watt, Male, One, Practice, Protein Powder, Shaker Bottle, Towel"
"_SELECTS High Res/JJ Watt/170221-gatorade-jj-0074.jpg","170221-gatorade-jj-0074.jpg","2017:02:21 16:42:36","Gatorade IMG Academy Shoot - Winter 2016","JJ Watt, Male, One, Practice, Protein Powder, Shaker Bottle, Towel"
"_SELECTS High Res/JJ Watt/170221-gatorade-jj-0080.jpg","170221-gatorade-jj-0080.jpg","2017:02:21 16:42:50","Gatorade IMG Academy Shoot - Winter 2016","JJ Watt, Male, One, Practice, Protein Powder, Shaker Bottle, Towel"
"_SELECTS High Res/JJ Watt/170221-gatorade-jj-0084.jpg","170221-gatorade-jj-0084.jpg","2017:02:21 16:42:53","Gatorade IMG Academy Shoot - Winter 2016","JJ Watt, Male, One, Practice, Protein Powder, Shaker Bottle, Towel"
"_SELECTS High Res/JJ Watt/170221-gatorade-jj-0085.jpg","170221-gatorade-jj-0085.jpg","2017:02:21 16:42:55","Gatorade IMG Academy Shoot - Winter 2016","Consumption, JJ Watt, Male, One, Practice, Protein Powder, Shaker Bottle, Towel"
"_SELECTS High Res/JJ Watt/170221-gatorade-jj-0088.jpg","170221-gatorade-jj-0088.jpg","2017:02:21 16:42:57","Gatorade IMG Academy Shoot - Winter 2016","Consumption, JJ Watt, Male, One, Practice, Protein Powder, Shaker Bottle, Towel"
"_SELECTS High Res/JJ Watt/170221-gatorade-jj-0090.jpg","170221-gatorade-jj-0090.jpg","2017:02:21 16:42:59","Gatorade IMG Academy Shoot - Winter 2016","Consumption, JJ Watt, Male, One, Practice, Protein Powder, Shaker Bottle, Towel"
"_SELECTS High Res/JJ Watt/170221-gatorade-jj-0102.jpg","170221-gatorade-jj-0102.jpg","2017:02:21 16:44:43","Gatorade IMG Academy Shoot - Winter 2016","JJ Watt, Male, One, Practice, Recover Bar, Towel"
"_SELECTS High Res/JJ Watt/170221-gatorade-jj-0107.jpg","170221-gatorade-jj-0107.jpg","2017:02:21 16:44:49","Gatorade IMG Academy Shoot - Winter 2016","JJ Watt, Male, One, Practice, Recover Bar, Towel"
"_SELECTS High Res/JJ Watt/170221-gatorade-jj-0110.jpg","170221-gatorade-jj-0110.jpg","2017:02:21 16:44:52","Gatorade IMG Academy Shoot - Winter 2016","Consumption, JJ Watt, Male, One, Practice, Recover Bar"
"_SELECTS High Res/JJ Watt/170221-gatorade-jj-0112.jpg","170221-gatorade-jj-0112.jpg","2017:02:21 16:44:54","Gatorade IMG Academy Shoot - Winter 2016","Consumption, JJ Watt, Male, One, Practice, Recover Bar"
"_SELECTS High Res/JJ Watt/170221-gatorade-jj-0113.jpg","170221-gatorade-jj-0113.jpg","2017:02:21 16:44:55","Gatorade IMG Academy Shoot - Winter 2016","Consumption, JJ Watt, Male, One, Practice, Recover Bar"
"_SELECTS High Res/JJ Watt/170221-gatorade-jj-0116.jpg","170221-gatorade-jj-0116.jpg","2017:02:21 16:44:57","Gatorade IMG Academy Shoot - Winter 2016","Consumption, JJ Watt, Male, One, Practice, Recover Bar, Towel"
"_SELECTS High Res/JJ Watt/170221-gatorade-jj-0154.jpg","170221-gatorade-jj-0154.jpg","2017:02:21 16:46:03","Gatorade IMG Academy Shoot - Winter 2016","Consumption, JJ Watt, Male, One, Practice, Protein Shake, Towel"
"_SELECTS High Res/JJ Watt/170221-gatorade-jj-0159.jpg","170221-gatorade-jj-0159.jpg","2017:02:21 16:46:35","Gatorade IMG Academy Shoot - Winter 2016","JJ Watt, Male, One, Practice, Protein Shake, Towel"
"_SELECTS High Res/JJ Watt/170221-gatorade-jj-0165.jpg","170221-gatorade-jj-0165.jpg","2017:02:21 16:46:56","Gatorade IMG Academy Shoot - Winter 2016","Consumption, JJ Watt, Male, One, Practice, Protein Shake, Towel"
"_SELECTS High Res/JJ Watt/170221-gatorade-jj-0169.jpg","170221-gatorade-jj-0169.jpg","2017:02:21 16:47:02","Gatorade IMG Academy Shoot - Winter 2016","Consumption, JJ Watt, Male, One, Practice, Protein Shake"
"_SELECTS High Res/JJ Watt/170221-gatorade-jj-0185.jpg","170221-gatorade-jj-0185.jpg","2017:02:21 16:48:23","Gatorade IMG Academy Shoot - Winter 2016","JJ Watt, Male, One, Practice, Protein Powder, Shaker Bottle, Towel"
"_SELECTS High Res/JJ Watt/170221-gatorade-jj-0195.jpg","170221-gatorade-jj-0195.jpg","2017:02:21 16:48:32","Gatorade IMG Academy Shoot - Winter 2016","JJ Watt, Male, One, Practice, Protein Powder, Shaker Bottle, Towel"
"_SELECTS High Res/JJ Watt/170221-gatorade-jj-0197.jpg","170221-gatorade-jj-0197.jpg","2017:02:21 16:48:34","Gatorade IMG Academy Shoot - Winter 2016","JJ Watt, Male, One, Practice, Protein Powder, Shaker Bottle, Towel"
"_SELECTS High Res/JJ Watt/170221-gatorade-jj-0199.jpg","170221-gatorade-jj-0199.jpg","2017:02:21 16:48:36","Gatorade IMG Academy Shoot - Winter 2016","JJ Watt, Male, One, Practice, Protein Powder, Shaker Bottle, Towel"
"_SELECTS High Res/JJ Watt/170221-gatorade-jj-0200.jpg","170221-gatorade-jj-0200.jpg","2017:02:21 16:48:37","Gatorade IMG Academy Shoot - Winter 2016","JJ Watt, Male, One, Practice, Protein Powder, Shaker Bottle, Towel"
"_SELECTS High Res/JJ Watt/170221-gatorade-jj-0205.jpg","170221-gatorade-jj-0205.jpg","2017:02:21 16:48:48","Gatorade IMG Academy Shoot - Winter 2016","JJ Watt, Male, One, Practice, Protein Powder, Shaker Bottle, Towel"
"_SELECTS High Res/JJ Watt/170221-gatorade-jj-0212.jpg","170221-gatorade-jj-0212.jpg","2017:02:21 16:48:54","Gatorade IMG Academy Shoot - Winter 2016","JJ Watt, Male, One, Practice, Protein Powder, Shaker Bottle, Towel"
"_SELECTS High Res/JJ Watt/170221-gatorade-jj-0214.jpg","170221-gatorade-jj-0214.jpg","2017:02:21 16:48:55","Gatorade IMG Academy Shoot - Winter 2016","JJ Watt, Male, One, Practice, Protein Powder, Shaker Bottle, Towel"
"_SELECTS High Res/JJ Watt/170221-gatorade-jj-0217.jpg","170221-gatorade-jj-0217.jpg","2017:02:21 16:48:58","Gatorade IMG Academy Shoot - Winter 2016","JJ Watt, Male, One, Practice, Protein Powder, Shaker Bottle, Towel"
"_SELECTS High Res/JJ Watt/170221-gatorade-jj-0223.jpg","170221-gatorade-jj-0223.jpg","2017:02:21 16:49:04","Gatorade IMG Academy Shoot - Winter 2016","Consumption, JJ Watt, Male, One, Practice, Protein Powder, Shaker Bottle, Towel"
"_SELECTS High Res/JJ Watt/170221-gatorade-jj-0225.jpg","170221-gatorade-jj-0225.jpg","2017:02:21 16:49:05","Gatorade IMG Academy Shoot - Winter 2016","Consumption, JJ Watt, Male, One, Practice, Protein Powder, Shaker Bottle"
"_SELECTS High Res/JJ Watt/170221-gatorade-jj-0228.jpg","170221-gatorade-jj-0228.jpg","2017:02:21 16:49:07","Gatorade IMG Academy Shoot - Winter 2016","Consumption, JJ Watt, Male, One, Practice, Protein Powder, Shaker Bottle, Towel"
"_SELECTS High Res/JJ Watt/170221-gatorade-jj-0231.jpg","170221-gatorade-jj-0231.jpg","2017:02:21 16:49:57","Gatorade IMG Academy Shoot - Winter 2016","Consumption, JJ Watt, Male, One, Practice, Recover Bar"
"_SELECTS High Res/JJ Watt/170221-gatorade-jj-0233.jpg","170221-gatorade-jj-0233.jpg","2017:02:21 16:50:01","Gatorade IMG Academy Shoot - Winter 2016","Consumption, JJ Watt, Male, One, Practice, Recover Bar"
"_SELECTS High Res/JJ Watt/170221-gatorade-jj-0235.jpg","170221-gatorade-jj-0235.jpg","2017:02:21 16:50:03","Gatorade IMG Academy Shoot - Winter 2016","Consumption, JJ Watt, Male, One, Practice, Recover Bar"
"_SELECTS High Res/JJ Watt/170221-gatorade-jj-0243.jpg","170221-gatorade-jj-0243.jpg","2017:02:21 16:50:41","Gatorade IMG Academy Shoot - Winter 2016","JJ Watt, Male, One, Practice, Towel"
"_SELECTS High Res/JJ Watt/170221-gatorade-jj-0247.jpg","170221-gatorade-jj-0247.jpg","2017:02:21 16:50:45","Gatorade IMG Academy Shoot - Winter 2016","JJ Watt, Male, One, Practice, Towel"
"_SELECTS High Res/JJ Watt/170221-gatorade-jj-0251.jpg","170221-gatorade-jj-0251.jpg","2017:02:21 16:50:56","Gatorade IMG Academy Shoot - Winter 2016","Consumption, JJ Watt, Male, One, Practice, Recover Bar, Towel"
"_SELECTS High Res/JJ Watt/170221-gatorade-jj-0253.jpg","170221-gatorade-jj-0253.jpg","2017:02:21 16:50:58","Gatorade IMG Academy Shoot - Winter 2016","Consumption, JJ Watt, Male, One, Practice, Recover Bar, Towel"
"_SELECTS High Res/JJ Watt/170221-gatorade-jj-0254.jpg","170221-gatorade-jj-0254.jpg","2017:02:21 16:50:58","Gatorade IMG Academy Shoot - Winter 2016","Consumption, JJ Watt, Male, One, Practice, Recover Bar, Towel"
"_SELECTS High Res/JJ Watt/170221-gatorade-jj-0260.jpg","170221-gatorade-jj-0260.jpg","2017:02:21 16:51:53","Gatorade IMG Academy Shoot - Winter 2016","Consumption, JJ Watt, Male, One, Practice, Recover Bar, Towel"
"_SELECTS High Res/JJ Watt/170221-gatorade-jj-0263.jpg","170221-gatorade-jj-0263.jpg","2017:02:21 16:51:55","Gatorade IMG Academy Shoot - Winter 2016","Consumption, JJ Watt, Male, One, Practice, Recover Bar, Towel"
"_SELECTS High Res/JJ Watt/170221-gatorade-jj-0264.jpg","170221-gatorade-jj-0264.jpg","2017:02:21 16:51:56","Gatorade IMG Academy Shoot - Winter 2016","Consumption, JJ Watt, Male, One, Practice, Recover Bar, Towel"
"_SELECTS High Res/JJ Watt/170221-gatorade-jj-0279.jpg","170221-gatorade-jj-0279.jpg","2017:02:21 16:54:18","Gatorade IMG Academy Shoot - Winter 2016","JJ Watt, Male, One, Practice, Protein Powder, Shaker Bottle, Towel"
"_SELECTS High Res/JJ Watt/170221-gatorade-jj-0282.jpg","170221-gatorade-jj-0282.jpg","2017:02:21 16:54:33","Gatorade IMG Academy Shoot - Winter 2016","JJ Watt, Male, One, Practice, Protein Powder, Towel"
"_SELECTS High Res/JJ Watt/170221-gatorade-jj-0284.jpg","170221-gatorade-jj-0284.jpg","2017:02:21 16:54:35","Gatorade IMG Academy Shoot - Winter 2016","JJ Watt, Male, One, Practice, Protein Powder, Towel"
"_SELECTS High Res/JJ Watt/170221-gatorade-jj-0285.jpg","170221-gatorade-jj-0285.jpg","2017:02:21 16:54:36","Gatorade IMG Academy Shoot - Winter 2016","JJ Watt, Male, One, Practice, Protein Powder, Towel"
"_SELECTS High Res/JJ Watt/170221-gatorade-jj-0294.jpg","170221-gatorade-jj-0294.jpg","2017:02:21 16:54:55","Gatorade IMG Academy Shoot - Winter 2016","JJ Watt, Male, One, Practice, Protein Powder, Shaker Bottle, Towel"
"_SELECTS High Res/JJ Watt/170221-gatorade-jj-0295.jpg","170221-gatorade-jj-0295.jpg","2017:02:21 16:54:56","Gatorade IMG Academy Shoot - Winter 2016","JJ Watt, Male, One, Practice, Protein Powder, Shaker Bottle, Towel"
"_SELECTS High Res/JJ Watt/170221-gatorade-jj-0296.jpg","170221-gatorade-jj-0296.jpg","2017:02:21 16:54:57","Gatorade IMG Academy Shoot - Winter 2016","JJ Watt, Male, One, Practice, Protein Powder, Shaker Bottle, Towel"
"_SELECTS High Res/JJ Watt/170221-gatorade-jj-0301.jpg","170221-gatorade-jj-0301.jpg","2017:02:21 16:55:07","Gatorade IMG Academy Shoot - Winter 2016","JJ Watt, Male, One, Practice, Shaker Bottle, Towel"
"_SELECTS High Res/JJ Watt/170221-gatorade-jj-0304.jpg","170221-gatorade-jj-0304.jpg","2017:02:21 16:55:12","Gatorade IMG Academy Shoot - Winter 2016","JJ Watt, Male, One, Practice, Shaker Bottle, Towel"
"_SELECTS High Res/JJ Watt/170221-gatorade-jj-0307.jpg","170221-gatorade-jj-0307.jpg","2017:02:21 16:55:16","Gatorade IMG Academy Shoot - Winter 2016","JJ Watt, Male, One, Practice, Shaker Bottle, Towel"
"_SELECTS High Res/JJ Watt/170221-gatorade-jj-0310.jpg","170221-gatorade-jj-0310.jpg","2017:02:21 16:55:21","Gatorade IMG Academy Shoot - Winter 2016","JJ Watt, Male, One, Practice, Shaker Bottle, Towel"
"_SELECTS High Res/JJ Watt/170221-gatorade-jj-0312.jpg","170221-gatorade-jj-0312.jpg","2017:02:21 16:55:24","Gatorade IMG Academy Shoot - Winter 2016","JJ Watt, Male, One, Practice, Shaker Bottle, Towel"
"_SELECTS High Res/JJ Watt/170221-gatorade-jj-0318.jpg","170221-gatorade-jj-0318.jpg","2017:02:21 16:55:41","Gatorade IMG Academy Shoot - Winter 2016","JJ Watt, Male, One, Practice, Shaker Bottle, Squeeze Bottles, Towel"
"_SELECTS High Res/JJ Watt/170221-gatorade-jj-0319.jpg","170221-gatorade-jj-0319.jpg","2017:02:21 17:12:16","Gatorade IMG Academy Shoot - Winter 2016","Football, Fuel Bar, None, Product Hero, Squeeze Bottles, Towel"
"_SELECTS High Res/JJ Watt/170221-gatorade-jj-0320.jpg","170221-gatorade-jj-0320.jpg","2017:02:21 17:12:18","Gatorade IMG Academy Shoot - Winter 2016","Football, Fuel Bar, None, Product Hero, Towel"
"_SELECTS High Res/JJ Watt/170221-gatorade-jj-0321.jpg","170221-gatorade-jj-0321.jpg","2017:02:21 17:12:19","Gatorade IMG Academy Shoot - Winter 2016","Football, Fuel Bar, None, Product Hero, Towel"
"_SELECTS High Res/JJ Watt/170221-gatorade-jj-0322.jpg","170221-gatorade-jj-0322.jpg","2017:02:21 17:12:25","Gatorade IMG Academy Shoot - Winter 2016","Football, Fuel Bar, None, Product Hero, Squeeze Bottles, Towel"
"_SELECTS High Res/JJ Watt/170221-gatorade-jj-0324.jpg","170221-gatorade-jj-0324.jpg","2017:02:21 17:12:30","Gatorade IMG Academy Shoot - Winter 2016","Football, Fuel Bar, None, Product Hero, Squeeze Bottles, Towel"
"_SELECTS High Res/JJ Watt/170221-gatorade-jj-0325.jpg","170221-gatorade-jj-0325.jpg","2017:02:21 17:12:40","Gatorade IMG Academy Shoot - Winter 2016","Football, Fuel Bar, None, Product Hero, Squeeze Bottles, Towel"
"_SELECTS High Res/JJ Watt/170221-gatorade-jj-0328.jpg","170221-gatorade-jj-0328.jpg","2017:02:21 17:12:46","Gatorade IMG Academy Shoot - Winter 2016","Football, Fuel Bar, None, Product Hero, Squeeze Bottles, Towel"
"_SELECTS High Res/JJ Watt/170221-gatorade-jj-0329.jpg","170221-gatorade-jj-0329.jpg","2017:02:21 17:12:50","Gatorade IMG Academy Shoot - Winter 2016","Football, Fuel Bar, None, Product Hero, Squeeze Bottles, Towel"
"_SELECTS High Res/JJ Watt/170221-gatorade-jj-0332.jpg","170221-gatorade-jj-0332.jpg","2017:02:21 17:13:03","Gatorade IMG Academy Shoot - Winter 2016","Football, Fuel Bar, None, Product Hero, Towel"
"_SELECTS High Res/JJ Watt/170221-gatorade-jj-0337.jpg","170221-gatorade-jj-0337.jpg","2017:02:21 17:13:15","Gatorade IMG Academy Shoot - Winter 2016","Football, Fuel Bar, None, Product Hero, Towel"
"_SELECTS High Res/JJ Watt/170221-gatorade-jj-0342.jpg","170221-gatorade-jj-0342.jpg","2017:02:21 17:13:50","Gatorade IMG Academy Shoot - Winter 2016","Football, Fuel Bar, None, Product Hero, Towel"
"_SELECTS High Res/JJ Watt/170221-gatorade-jj-0344.jpg","170221-gatorade-jj-0344.jpg","2017:02:21 17:13:54","Gatorade IMG Academy Shoot - Winter 2016","Football, Fuel Bar, None, Product Hero, Towel"
"_SELECTS High Res/JJ Watt/170221-gatorade-jj-0348.jpg","170221-gatorade-jj-0348.jpg","2017:02:21 17:14:21","Gatorade IMG Academy Shoot - Winter 2016","Football, Fuel Bar, None, Product Hero, Towel"
"_SELECTS High Res/JJ Watt/170221-gatorade-jj-0350.jpg","170221-gatorade-jj-0350.jpg","2017:02:21 17:14:34","Gatorade IMG Academy Shoot - Winter 2016","Football, Fuel Bar, None, Product Hero, Towel"
"_SELECTS High Res/JJ Watt/170221-gatorade-jj-0353.jpg","170221-gatorade-jj-0353.jpg","2017:02:21 17:14:44","Gatorade IMG Academy Shoot - Winter 2016","Football, Fuel Bar, None, Product Hero, Towel"
"_SELECTS High Res/JJ Watt/170221-gatorade-jj-0369.jpg","170221-gatorade-jj-0369.jpg","2017:02:21 17:15:46","Gatorade IMG Academy Shoot - Winter 2016","Football, Fuel Bar, None, Product Hero, Towel"
"_SELECTS High Res/JJ Watt/170221-gatorade-jj-0373.jpg","170221-gatorade-jj-0373.jpg","2017:02:21 17:16:23","Gatorade IMG Academy Shoot - Winter 2016","Football, Fuel Bar, None, Product Hero, Towel"
"_SELECTS High Res/JJ Watt/170221-gatorade-jj-0376.jpg","170221-gatorade-jj-0376.jpg","2017:02:21 17:16:38","Gatorade IMG Academy Shoot - Winter 2016","Football, Fuel Bar, None, Product Hero, Towel"
"_SELECTS High Res/JJ Watt/170221-gatorade-jj-0378.jpg","170221-gatorade-jj-0378.jpg","2017:02:21 17:16:40","Gatorade IMG Academy Shoot - Winter 2016","Football, Fuel Bar, None, Product Hero, Towel"
"_SELECTS High Res/JJ Watt/170221-gatorade-jj-0416.jpg","170221-gatorade-jj-0416.jpg","2017:02:21 17:46:56","Gatorade IMG Academy Shoot - Winter 2016","None, Product Hero, Protein Shake, Towel"
"_SELECTS High Res/JJ Watt/170221-gatorade-jj-0419.jpg","170221-gatorade-jj-0419.jpg","2017:02:21 17:47:12","Gatorade IMG Academy Shoot - Winter 2016","None, Product Hero, Protein Shake, Towel"
"_SELECTS High Res/JJ Watt/170221-gatorade-jj-0423.jpg","170221-gatorade-jj-0423.jpg","2017:02:21 17:47:21","Gatorade IMG Academy Shoot - Winter 2016","None, Product Hero, Protein Shake, Towel"
"_SELECTS High Res/JJ Watt/170221-gatorade-jj-0425.jpg","170221-gatorade-jj-0425.jpg","2017:02:21 17:47:24","Gatorade IMG Academy Shoot - Winter 2016","None, Product Hero, Protein Shake, Towel"
"_SELECTS High Res/JJ Watt/170221-gatorade-jj-0429.jpg","170221-gatorade-jj-0429.jpg","2017:02:21 17:48:32","Gatorade IMG Academy Shoot - Winter 2016","None, Product Hero, Protein Shake, Towel"
"_SELECTS High Res/JJ Watt/170221-gatorade-jj-0435.jpg","170221-gatorade-jj-0435.jpg","2017:02:21 17:49:09","Gatorade IMG Academy Shoot - Winter 2016","None, Product Hero, Protein Powder, Towel"
"_SELECTS High Res/JJ Watt/170221-gatorade-jj-0437.jpg","170221-gatorade-jj-0437.jpg","2017:02:21 17:49:17","Gatorade IMG Academy Shoot - Winter 2016","None, Product Hero, Protein Powder, Towel"
"_SELECTS High Res/JJ Watt/170221-gatorade-jj-0440.jpg","170221-gatorade-jj-0440.jpg","2017:02:21 17:49:23","Gatorade IMG Academy Shoot - Winter 2016","None, Product Hero, Protein Powder, Towel"
"_SELECTS High Res/JJ Watt/170221-gatorade-jj-0443.jpg","170221-gatorade-jj-0443.jpg","2017:02:21 17:49:30","Gatorade IMG Academy Shoot - Winter 2016","None, Product Hero, Protein Powder, Towel"
"_SELECTS High Res/JJ Watt/170221-gatorade-jj-0447.jpg","170221-gatorade-jj-0447.jpg","2017:02:21 17:51:39","Gatorade IMG Academy Shoot - Winter 2016","Football, None, Product Hero, Protein Powder, Shaker Bottle, Towel"
"_SELECTS High Res/JJ Watt/170221-gatorade-jj-0454.jpg","170221-gatorade-jj-0454.jpg","2017:02:21 17:52:28","Gatorade IMG Academy Shoot - Winter 2016","Football, None, Product Hero, Protein Powder, Shaker Bottle, Towel"
"_SELECTS High Res/JJ Watt/170221-gatorade-jj-0459.jpg","170221-gatorade-jj-0459.jpg","2017:02:21 17:53:24","Gatorade IMG Academy Shoot - Winter 2016","None, Product Hero, Protein Powder, Shaker Bottle"
"_SELECTS High Res/JJ Watt/170221-gatorade-jj-0466.jpg","170221-gatorade-jj-0466.jpg","2017:02:21 17:53:54","Gatorade IMG Academy Shoot - Winter 2016","None, Product Hero, Protein Powder, Shaker Bottle"
"_SELECTS High Res/JJ Watt/170221-gatorade-jj-0470.jpg","170221-gatorade-jj-0470.jpg","2017:02:21 17:54:32","Gatorade IMG Academy Shoot - Winter 2016","None, Product Hero, Protein Powder, Shaker Bottle, Towel"
"_SELECTS High Res/JJ Watt/170221-gatorade-jj-0472.jpg","170221-gatorade-jj-0472.jpg","2017:02:21 17:54:39","Gatorade IMG Academy Shoot - Winter 2016","None, Product Hero, Protein Powder, Shaker Bottle, Towel"
"_SELECTS High Res/JJ Watt/170221-gatorade-jj-0477.jpg","170221-gatorade-jj-0477.jpg","2017:02:21 17:54:53","Gatorade IMG Academy Shoot - Winter 2016","None, Product Hero, Protein Powder, Shaker Bottle"
"_SELECTS High Res/JJ Watt/170221-gatorade-jj-0479.jpg","170221-gatorade-jj-0479.jpg","2017:02:21 17:55:22","Gatorade IMG Academy Shoot - Winter 2016","None, Product Hero, Protein Powder, Shaker Bottle"
"_SELECTS High Res/JJ Watt/170221-gatorade-jj-0487.jpg","170221-gatorade-jj-0487.jpg","2017:02:21 17:56:00","Gatorade IMG Academy Shoot - Winter 2016","None, Product Hero, Protein Powder, Shaker Bottle"
"_SELECTS High Res/JJ Watt/170221-gatorade-jj-0490.jpg","170221-gatorade-jj-0490.jpg","2017:02:21 17:56:11","Gatorade IMG Academy Shoot - Winter 2016","None, Product Hero, Protein Powder, Shaker Bottle"
"_SELECTS High Res/JJ Watt/170221-gatorade-jj-0510.jpg","170221-gatorade-jj-0510.jpg","2017:02:21 18:13:50","Gatorade IMG Academy Shoot - Winter 2016","Consumption, Fuel Bar, JJ Watt, Male, One, Practice"
"_SELECTS High Res/JJ Watt/170221-gatorade-jj-0527.jpg","170221-gatorade-jj-0527.jpg","2017:02:21 18:14:29","Gatorade IMG Academy Shoot - Winter 2016","Consumption, Fuel Bar, JJ Watt, Male, One, Practice"
"_SELECTS High Res/JJ Watt/170221-gatorade-jj-0537.jpg","170221-gatorade-jj-0537.jpg","2017:02:21 18:14:55","Gatorade IMG Academy Shoot - Winter 2016","Consumption, Fuel Bar, JJ Watt, Male, One, Practice"
"_SELECTS High Res/JJ Watt/170221-gatorade-jj-0545.jpg","170221-gatorade-jj-0545.jpg","2017:02:21 18:15:05","Gatorade IMG Academy Shoot - Winter 2016","Consumption, Fuel Bar, JJ Watt, Male, One, Practice, Squeeze Bottles, Towel"
"_SELECTS High Res/JJ Watt/170221-gatorade-jj-0547.jpg","170221-gatorade-jj-0547.jpg","2017:02:21 18:15:14","Gatorade IMG Academy Shoot - Winter 2016","Consumption, Fuel Bar, JJ Watt, Male, One, Practice"
"_SELECTS High Res/JJ Watt/170221-gatorade-jj-0559.jpg","170221-gatorade-jj-0559.jpg","2017:02:21 18:15:36","Gatorade IMG Academy Shoot - Winter 2016","Consumption, Fuel Bar, JJ Watt, Male, One, Practice"
"_SELECTS High Res/JJ Watt/170221-gatorade-jj-0563.jpg","170221-gatorade-jj-0563.jpg","2017:02:21 18:16:14","Gatorade IMG Academy Shoot - Winter 2016","Consumption, Fuel Bar, JJ Watt, Male, One, Practice"
"_SELECTS High Res/JJ Watt/170221-gatorade-jj-0567.jpg","170221-gatorade-jj-0567.jpg","2017:02:21 18:16:19","Gatorade IMG Academy Shoot - Winter 2016","Consumption, Fuel Bar, JJ Watt, Male, One, Practice"
"_SELECTS High Res/JJ Watt/170221-gatorade-jj-0572.jpg","170221-gatorade-jj-0572.jpg","2017:02:21 18:16:27","Gatorade IMG Academy Shoot - Winter 2016","Consumption, Fuel Bar, JJ Watt, Male, One, Practice"
"_SELECTS High Res/JJ Watt/170221-gatorade-jj-0581.jpg","170221-gatorade-jj-0581.jpg","2017:02:21 18:16:51","Gatorade IMG Academy Shoot - Winter 2016","Consumption, Fuel Bar, JJ Watt, Male, One, Practice"
"_SELECTS High Res/JJ Watt/4L6A9022.jpg","4L6A9022.jpg","2017:02:21 15:59:03","Gatorade IMG Academy Shoot - Winter 2016","Football, JJ Watt, Practice, Protein Powder, Towel"
"_SELECTS High Res/JJ Watt/4L6A9026.jpg","4L6A9026.jpg","2017:02:21 15:59:13","Gatorade IMG Academy Shoot - Winter 2016","Football, JJ Watt, Practice, Protein Powder, Towel"
"_SELECTS High Res/JJ Watt/4L6A9041.jpg","4L6A9041.jpg","2017:02:21 15:59:59","Gatorade IMG Academy Shoot - Winter 2016","Football, JJ Watt, Practice, Protein Powder, Shaker Bottle, Towel"
"_SELECTS High Res/JJ Watt/4L6A9044.jpg","4L6A9044.jpg","2017:02:21 16:00:04","Gatorade IMG Academy Shoot - Winter 2016","Football, JJ Watt, Practice, Protein Powder, Shaker Bottle, Towel"
"_SELECTS High Res/JJ Watt/4L6A9045.jpg","4L6A9045.jpg","2017:02:21 16:00:06","Gatorade IMG Academy Shoot - Winter 2016","Football, JJ Watt, Practice, Protein Powder, Shaker Bottle, Towel"
"_SELECTS High Res/JJ Watt/4L6A9048.jpg","4L6A9048.jpg","2017:02:21 16:00:12","Gatorade IMG Academy Shoot - Winter 2016","Football, JJ Watt, Practice, Protein Powder, Shaker Bottle, Towel"
"_SELECTS High Res/JJ Watt/4L6A9050.jpg","4L6A9050.jpg","2017:02:21 16:00:15","Gatorade IMG Academy Shoot - Winter 2016","Football, JJ Watt, Practice, Protein Powder, Shaker Bottle, Towel"
"_SELECTS High Res/JJ Watt/4L6A9053.jpg","4L6A9053.jpg","2017:02:21 16:00:18","Gatorade IMG Academy Shoot - Winter 2016","Football, JJ Watt, Practice, Protein Powder, Shaker Bottle, Towel"
"_SELECTS High Res/JJ Watt/4L6A9057.jpg","4L6A9057.jpg","2017:02:21 16:00:23","Gatorade IMG Academy Shoot - Winter 2016","Football, JJ Watt, Practice, Protein Powder, Shaker Bottle, Towel"
"_SELECTS High Res/JJ Watt/4L6A9061.jpg","4L6A9061.jpg","2017:02:21 16:00:44","Gatorade IMG Academy Shoot - Winter 2016","Football, JJ Watt, Practice, Protein Powder, Shaker Bottle, Towel"
"_SELECTS High Res/JJ Watt/4L6A9065.jpg","4L6A9065.jpg","2017:02:21 16:00:49","Gatorade IMG Academy Shoot - Winter 2016","Football, JJ Watt, Practice, Protein Powder, Shaker Bottle, Towel"
"_SELECTS High Res/JJ Watt/4L6A9067.jpg","4L6A9067.jpg","2017:02:21 16:00:54","Gatorade IMG Academy Shoot - Winter 2016","Football, JJ Watt, Practice, Protein Powder, Shaker Bottle, Towel"
"_SELECTS High Res/JJ Watt/4L6A9069.jpg","4L6A9069.jpg","2017:02:21 16:00:59","Gatorade IMG Academy Shoot - Winter 2016","Football, JJ Watt, Practice, Protein Powder, Shaker Bottle, Towel"
"_SELECTS High Res/JJ Watt/4L6A9071.jpg","4L6A9071.jpg","2017:02:21 16:01:04","Gatorade IMG Academy Shoot - Winter 2016","Consumption, Football, JJ Watt, Practice, Protein Powder, Shaker Bottle, Towel"
"_SELECTS High Res/JJ Watt/4L6A9074.jpg","4L6A9074.jpg","2017:02:21 16:01:06","Gatorade IMG Academy Shoot - Winter 2016","Consumption, Football, JJ Watt, Practice, Protein Powder, Shaker Bottle, Towel"
"_SELECTS High Res/JJ Watt/4L6A9077.jpg","4L6A9077.jpg","2017:02:21 16:01:09","Gatorade IMG Academy Shoot - Winter 2016","Consumption, Football, JJ Watt, Male, Practice, Protein Powder, Shaker Bottle, Towel"
"_SELECTS High Res/JJ Watt/4L6A9078.jpg","4L6A9078.jpg","2017:02:21 16:01:09","Gatorade IMG Academy Shoot - Winter 2016","Consumption, Football, JJ Watt, Male, Practice, Protein Powder, Shaker Bottle, Towel"
"_SELECTS High Res/JJ Watt/4L6A9084.jpg","4L6A9084.jpg","2017:02:21 16:02:09","Gatorade IMG Academy Shoot - Winter 2016","Football, JJ Watt, Male, Practice, Recover, Shaker Bottle, Towel"
"_SELECTS High Res/JJ Watt/4L6A9090.jpg","4L6A9090.jpg","2017:02:21 16:02:27","Gatorade IMG Academy Shoot - Winter 2016","Football, JJ Watt, Male, Practice, Protein Powder, Recover, Shaker Bottle, Towel"
"_SELECTS High Res/JJ Watt/4L6A9093.jpg","4L6A9093.jpg","2017:02:21 16:02:32","Gatorade IMG Academy Shoot - Winter 2016","Football, JJ Watt, Male, Practice, Protein Powder, Recover, Shaker Bottle, Towel"
"_SELECTS High Res/JJ Watt/4L6A9097.jpg","4L6A9097.jpg","2017:02:21 16:02:36","Gatorade IMG Academy Shoot - Winter 2016","Football, JJ Watt, Male, Practice, Protein Powder, Recover, Shaker Bottle, Towel"
"_SELECTS High Res/JJ Watt/4L6A9099.jpg","4L6A9099.jpg","2017:02:21 16:02:38","Gatorade IMG Academy Shoot - Winter 2016","Football, JJ Watt, Male, Practice, Protein Powder, Recover, Shaker Bottle, Towel"
"_SELECTS High Res/JJ Watt/4L6A9101.jpg","4L6A9101.jpg","2017:02:21 16:02:40","Gatorade IMG Academy Shoot - Winter 2016","Football, JJ Watt, Male, Practice, Protein Powder, Recover, Shaker Bottle, Towel"
"_SELECTS High Res/JJ Watt/4L6A9104.jpg","4L6A9104.jpg","2017:02:21 16:02:44","Gatorade IMG Academy Shoot - Winter 2016","Football, JJ Watt, Male, Practice, Protein Powder, Recover, Shaker Bottle, Towel"
"_SELECTS High Res/JJ Watt/4L6A9113.jpg","4L6A9113.jpg","2017:02:21 16:03:02","Gatorade IMG Academy Shoot - Winter 2016","Football, JJ Watt, Male, Practice, Protein Powder, Recover, Shaker Bottle, Towel"
"_SELECTS High Res/JJ Watt/4L6A9114.jpg","4L6A9114.jpg","2017:02:21 16:03:03","Gatorade IMG Academy Shoot - Winter 2016","Football, JJ Watt, Male, Practice, Protein Powder, Recover, Shaker Bottle, Towel"
"_SELECTS High Res/JJ Watt/4L6A9115.jpg","4L6A9115.jpg","2017:02:21 16:03:04","Gatorade IMG Academy Shoot - Winter 2016","Football, JJ Watt, Male, Practice, Protein Powder, Recover, Shaker Bottle, Towel"
"_SELECTS High Res/JJ Watt/4L6A9119.jpg","4L6A9119.jpg","2017:02:21 16:03:23","Gatorade IMG Academy Shoot - Winter 2016","Football, JJ Watt, Male, Practice, Protein Powder, Recover, Shaker Bottle, Towel"
"_SELECTS High Res/JJ Watt/4L6A9122.jpg","4L6A9122.jpg","2017:02:21 16:03:28","Gatorade IMG Academy Shoot - Winter 2016","Football, JJ Watt, Male, Practice, Protein Powder, Recover, Shaker Bottle, Towel"
"_SELECTS High Res/JJ Watt/4L6A9124.jpg","4L6A9124.jpg","2017:02:21 16:03:30","Gatorade IMG Academy Shoot - Winter 2016","Football, JJ Watt, Male, Practice, Protein Powder, Recover, Shaker Bottle, Towel"
"_SELECTS High Res/JJ Watt/4L6A9126.jpg","4L6A9126.jpg","2017:02:21 16:03:32","Gatorade IMG Academy Shoot - Winter 2016","Football, JJ Watt, Male, Practice, Protein Powder, Recover, Shaker Bottle, Towel"
"_SELECTS High Res/JJ Watt/4L6A9129.jpg","4L6A9129.jpg","2017:02:21 16:03:35","Gatorade IMG Academy Shoot - Winter 2016","Football, JJ Watt, Male, Practice, Protein Powder, Recover, Shaker Bottle, Towel"
"_SELECTS High Res/JJ Watt/4L6A9131.jpg","4L6A9131.jpg","2017:02:21 16:03:36","Gatorade IMG Academy Shoot - Winter 2016","Football, JJ Watt, Male, Practice, Protein Powder, Recover, Shaker Bottle, Towel"
"_SELECTS High Res/JJ Watt/4L6A9133.jpg","4L6A9133.jpg","2017:02:21 16:03:38","Gatorade IMG Academy Shoot - Winter 2016","Football, JJ Watt, Male, Practice, Protein Powder, Recover, Shaker Bottle, Towel"
"_SELECTS High Res/JJ Watt/4L6A9138.jpg","4L6A9138.jpg","2017:02:21 16:03:46","Gatorade IMG Academy Shoot - Winter 2016","Football, JJ Watt, Male, Practice, Protein Powder, Recover, Shaker Bottle, Towel"
"_SELECTS High Res/JJ Watt/4L6A9140.jpg","4L6A9140.jpg","2017:02:21 16:03:47","Gatorade IMG Academy Shoot - Winter 2016","Football, JJ Watt, Male, Practice, Protein Powder, Recover, Shaker Bottle, Towel"
"_SELECTS High Res/JJ Watt/4L6A9142.jpg","4L6A9142.jpg","2017:02:21 16:03:49","Gatorade IMG Academy Shoot - Winter 2016","Football, JJ Watt, Male, Practice, Protein Powder, Recover, Shaker Bottle, Towel"
"_SELECTS High Res/JJ Watt/4L6A9152.jpg","4L6A9152.jpg","2017:02:21 16:04:07","Gatorade IMG Academy Shoot - Winter 2016","Football, JJ Watt, Male, Practice, Protein Powder, Recover, Shaker Bottle, Towel"
"_SELECTS High Res/JJ Watt/4L6A9153.jpg","4L6A9153.jpg","2017:02:21 16:04:08","Gatorade IMG Academy Shoot - Winter 2016","Football, JJ Watt, Male, Practice, Protein Powder, Recover, Shaker Bottle, Towel"
"_SELECTS High Res/JJ Watt/4L6A9156.jpg","4L6A9156.jpg","2017:02:21 16:04:11","Gatorade IMG Academy Shoot - Winter 2016","Football, JJ Watt, Male, Practice, Protein Powder, Recover, Shaker Bottle, Towel"
"_SELECTS High Res/JJ Watt/4L6A9160.jpg","4L6A9160.jpg","2017:02:21 16:04:14","Gatorade IMG Academy Shoot - Winter 2016","Football, JJ Watt, Male, Practice, Protein Powder, Recover, Shaker Bottle, Towel"
"_SELECTS High Res/JJ Watt/4L6A9162.jpg","4L6A9162.jpg","2017:02:21 16:04:24","Gatorade IMG Academy Shoot - Winter 2016","Consumption, Football, JJ Watt, Male, Practice, Protein Powder, Recover, Shaker Bottle, Towel"
"_SELECTS High Res/JJ Watt/4L6A9167.jpg","4L6A9167.jpg","2017:02:21 16:04:27","Gatorade IMG Academy Shoot - Winter 2016","Consumption, Football, JJ Watt, Male, Practice, Protein Powder, Recover, Shaker Bottle, Towel"
"_SELECTS High Res/JJ Watt/4L6A9173.jpg","4L6A9173.jpg","2017:02:21 16:04:36","Gatorade IMG Academy Shoot - Winter 2016","Consumption, Football, JJ Watt, Male, Practice, Protein Powder, Recover, Shaker Bottle, Towel"
"_SELECTS High Res/JJ Watt/4L6A9174.jpg","4L6A9174.jpg","2017:02:21 16:05:23","Gatorade IMG Academy Shoot - Winter 2016","Football, JJ Watt, Male, Practice, Recover, Recover Bar, Towel"
"_SELECTS High Res/JJ Watt/4L6A9176.jpg","4L6A9176.jpg","2017:02:21 16:05:28","Gatorade IMG Academy Shoot - Winter 2016","Football, JJ Watt, Male, Practice, Recover, Recover Bar, Towel"
"_SELECTS High Res/JJ Watt/4L6A9178.jpg","4L6A9178.jpg","2017:02:21 16:05:32","Gatorade IMG Academy Shoot - Winter 2016","Football, JJ Watt, Male, Practice, Recover, Recover Bar, Towel"
"_SELECTS High Res/JJ Watt/4L6A9182.jpg","4L6A9182.jpg","2017:02:21 16:05:48","Gatorade IMG Academy Shoot - Winter 2016","Football, JJ Watt, Male, Practice, Recover, Recover Bar, Towel"
"_SELECTS High Res/JJ Watt/4L6A9193.jpg","4L6A9193.jpg","2017:02:21 16:06:12","Gatorade IMG Academy Shoot - Winter 2016","Consumption, Football, JJ Watt, Male, Practice, Recover, Recover Bar, Towel"
"_SELECTS High Res/JJ Watt/4L6A9194.jpg","4L6A9194.jpg","2017:02:21 16:06:12","Gatorade IMG Academy Shoot - Winter 2016","Consumption, Football, JJ Watt, Male, Practice, Recover, Recover Bar, Towel"
"_SELECTS High Res/JJ Watt/4L6A9195.jpg","4L6A9195.jpg","2017:02:21 16:06:14","Gatorade IMG Academy Shoot - Winter 2016","Consumption, Football, JJ Watt, Male, Practice, Recover, Recover Bar, Towel"
"_SELECTS High Res/JJ Watt/4L6A9198.jpg","4L6A9198.jpg","2017:02:21 16:06:16","Gatorade IMG Academy Shoot - Winter 2016","Consumption, Football, JJ Watt, Male, Practice, Recover, Recover Bar, Towel"
"_SELECTS High Res/JJ Watt/4L6A9217.jpg","4L6A9217.jpg","2017:02:21 17:39:02","Gatorade IMG Academy Shoot - Winter 2016","Football, None, Product Hero, Protein Shake, Towel"
"_SELECTS High Res/JJ Watt/4L6A9222.jpg","4L6A9222.jpg","2017:02:21 17:39:12","Gatorade IMG Academy Shoot - Winter 2016","Football, None, Product Hero, Protein Shake, Towel"
"_SELECTS High Res/KAT/170221-gatorade-kat-006.jpg","170221-gatorade-kat-006.jpg","2017:02:21 09:18:43","Gatorade IMG Academy Shoot - Winter 2016","Basketball, None, Protein Powder, Towel"
"_SELECTS High Res/KAT/170221-gatorade-kat-025.jpg","170221-gatorade-kat-025.jpg","2017:02:21 09:38:28","Gatorade IMG Academy Shoot - Winter 2016","Basketball, None, Product Hero, Protein Powder, Towel"
"_SELECTS High Res/KAT/170221-gatorade-kat-033.jpg","170221-gatorade-kat-033.jpg","2017:02:21 09:40:00","Gatorade IMG Academy Shoot - Winter 2016","Basketball, None, Product Hero, Protein Powder, Towel"
"_SELECTS High Res/KAT/170221-gatorade-kat-036.jpg","170221-gatorade-kat-036.jpg","2017:02:21 09:40:14","Gatorade IMG Academy Shoot - Winter 2016","Basketball, None, Product Hero, Protein Powder, Towel"
"_SELECTS High Res/KAT/170221-gatorade-kat-038.jpg","170221-gatorade-kat-038.jpg","2017:02:21 09:40:41","Gatorade IMG Academy Shoot - Winter 2016","Basketball, None, Product Hero, Protein Powder, Towel"
"_SELECTS High Res/KAT/170221-gatorade-kat-049.jpg","170221-gatorade-kat-049.jpg","2017:02:21 09:42:24","Gatorade IMG Academy Shoot - Winter 2016","Basketball, None, Product Hero, Protein Powder, Squeeze Bottles"
"_SELECTS High Res/KAT/170221-gatorade-kat-050.jpg","170221-gatorade-kat-050.jpg","2017:02:21 09:42:35","Gatorade IMG Academy Shoot - Winter 2016","Basketball, None, Product Hero, Protein Powder"
"_SELECTS High Res/KAT/170221-gatorade-kat-052.jpg","170221-gatorade-kat-052.jpg","2017:02:21 09:42:57","Gatorade IMG Academy Shoot - Winter 2016","Basketball, None, Product Hero, Protein Powder"
"_SELECTS High Res/KAT/170221-gatorade-kat-054.jpg","170221-gatorade-kat-054.jpg","2017:02:21 09:43:21","Gatorade IMG Academy Shoot - Winter 2016","Basketball, None, Product Hero, Protein Powder"
"_SELECTS High Res/KAT/170221-gatorade-kat-062.jpg","170221-gatorade-kat-062.jpg","2017:02:21 09:45:37","Gatorade IMG Academy Shoot - Winter 2016","Basketball, None, Product Hero, Protein Powder"
"_SELECTS High Res/KAT/170221-gatorade-kat-064.jpg","170221-gatorade-kat-064.jpg","2017:02:21 09:45:42","Gatorade IMG Academy Shoot - Winter 2016","Basketball, None, Product Hero, Protein Powder"
"_SELECTS High Res/KAT/170221-gatorade-kat-0652.jpg","170221-gatorade-kat-0652.jpg","2017:02:21 11:18:40","Gatorade IMG Academy Shoot - Winter 2016","Basketball, Fuel Bar, None, Product Hero, Towel"
"_SELECTS High Res/KAT/170221-gatorade-kat-0659.jpg","170221-gatorade-kat-0659.jpg","2017:02:21 11:19:53","Gatorade IMG Academy Shoot - Winter 2016","Basketball, Fuel Bar, None, Product Hero, Towel"
"_SELECTS High Res/KAT/170221-gatorade-kat-0672.jpg","170221-gatorade-kat-0672.jpg","2017:02:21 11:22:28","Gatorade IMG Academy Shoot - Winter 2016","Basketball, Fuel Bar, None, Product Hero, Towel"
"_SELECTS High Res/KAT/170221-gatorade-kat-0674.jpg","170221-gatorade-kat-0674.jpg","2017:02:21 11:22:36","Gatorade IMG Academy Shoot - Winter 2016","Basketball, Fuel Bar, None, Product Hero, Towel"
"_SELECTS High Res/KAT/170221-gatorade-kat-0677.jpg","170221-gatorade-kat-0677.jpg","2017:02:21 11:22:51","Gatorade IMG Academy Shoot - Winter 2016","Basketball, Fuel Bar, None, Product Hero, Protein Shake, Towel"
"_SELECTS High Res/KAT/170221-gatorade-kat-068.jpg","170221-gatorade-kat-068.jpg","2017:02:21 09:47:04","Gatorade IMG Academy Shoot - Winter 2016","Basketball, None, Product Hero, Protein Powder, Shaker Bottle"
"_SELECTS High Res/KAT/170221-gatorade-kat-0686.jpg","170221-gatorade-kat-0686.jpg","2017:02:21 11:24:02","Gatorade IMG Academy Shoot - Winter 2016","Basketball, None, Product Hero, Protein Shake, Towel"
"_SELECTS High Res/KAT/170221-gatorade-kat-0695.jpg","170221-gatorade-kat-0695.jpg","2017:02:21 11:25:50","Gatorade IMG Academy Shoot - Winter 2016","Basketball, None, Product Hero, Protein Shake, Towel"
"_SELECTS High Res/KAT/170221-gatorade-kat-0711.jpg","170221-gatorade-kat-0711.jpg","2017:02:21 11:27:42","Gatorade IMG Academy Shoot - Winter 2016","Basketball, None, Product Hero, Protein Shake, Towel"
"_SELECTS High Res/KAT/170221-gatorade-kat-073.jpg","170221-gatorade-kat-073.jpg","2017:02:21 09:47:18","Gatorade IMG Academy Shoot - Winter 2016","Basketball, None, Product Hero, Protein Powder, Shaker Bottle"
"_SELECTS High Res/KAT/170221-gatorade-kat-0736.jpg","170221-gatorade-kat-0736.jpg","2017:02:21 11:28:51","Gatorade IMG Academy Shoot - Winter 2016","Basketball, None, Product Hero, Protein Shake, Towel"
"_SELECTS High Res/KAT/170221-gatorade-kat-0739.jpg","170221-gatorade-kat-0739.jpg","2017:02:21 11:29:30","Gatorade IMG Academy Shoot - Winter 2016","Basketball, None, Product Hero, Protein Shake, Towel"
"_SELECTS High Res/KAT/170221-gatorade-kat-0741.jpg","170221-gatorade-kat-0741.jpg","2017:02:21 11:30:58","Gatorade IMG Academy Shoot - Winter 2016","Basketball, None, Product Hero, Protein Shake, Towel"
"_SELECTS High Res/KAT/170221-gatorade-kat-0747.jpg","170221-gatorade-kat-0747.jpg","2017:02:21 11:31:35","Gatorade IMG Academy Shoot - Winter 2016","Basketball, None, Product Hero, Protein Shake, Towel"
"_SELECTS High Res/KAT/170221-gatorade-kat-0754.jpg","170221-gatorade-kat-0754.jpg","2017:02:21 11:35:27","Gatorade IMG Academy Shoot - Winter 2016","Basketball, None, Product Hero, Protein Powder, Towel"
"_SELECTS High Res/KAT/170221-gatorade-kat-0770.jpg","170221-gatorade-kat-0770.jpg","2017:02:21 11:36:56","Gatorade IMG Academy Shoot - Winter 2016","Basketball, None, Product Hero, Protein Powder, Towel"
"_SELECTS High Res/KAT/170221-gatorade-kat-0778.jpg","170221-gatorade-kat-0778.jpg","2017:02:21 11:37:30","Gatorade IMG Academy Shoot - Winter 2016","Basketball, None, Product Hero, Protein Powder, Towel"
"_SELECTS High Res/KAT/170221-gatorade-kat-0804.jpg","170221-gatorade-kat-0804.jpg","2017:02:21 11:40:18","Gatorade IMG Academy Shoot - Winter 2016","Basketball, None, Product Hero, Protein Powder, Towel"
"_SELECTS High Res/KAT/170221-gatorade-kat-0806.jpg","170221-gatorade-kat-0806.jpg","2017:02:21 11:40:25","Gatorade IMG Academy Shoot - Winter 2016","Basketball, None, Product Hero, Protein Powder, Towel"
"_SELECTS High Res/KAT/170221-gatorade-kat-081.jpg","170221-gatorade-kat-081.jpg","2017:02:21 09:51:08","Gatorade IMG Academy Shoot - Winter 2016","Basketball, Karl-Anthony Towns, Male, One, Practice, Protein Powder, Towel"
"_SELECTS High Res/KAT/170221-gatorade-kat-0810.jpg","170221-gatorade-kat-0810.jpg","2017:02:21 11:41:01","Gatorade IMG Academy Shoot - Winter 2016","Basketball, None, Product Hero, Protein Powder, Towel"
"_SELECTS High Res/KAT/170221-gatorade-kat-0812.jpg","170221-gatorade-kat-0812.jpg","2017:02:21 11:46:20","Gatorade IMG Academy Shoot - Winter 2016","Basketball, None, Product Hero, Protein Powder"
"_SELECTS High Res/KAT/170221-gatorade-kat-0820.jpg","170221-gatorade-kat-0820.jpg","2017:02:21 11:47:36","Gatorade IMG Academy Shoot - Winter 2016","Basketball, None, Product Hero, Protein Powder"
"_SELECTS High Res/KAT/170221-gatorade-kat-083.jpg","170221-gatorade-kat-083.jpg","2017:02:21 09:51:17","Gatorade IMG Academy Shoot - Winter 2016","Basketball, Karl-Anthony Towns, Male, One, Practice, Protein Powder"
"_SELECTS High Res/KAT/170221-gatorade-kat-0839.jpg","170221-gatorade-kat-0839.jpg","2017:02:21 11:49:14","Gatorade IMG Academy Shoot - Winter 2016","Basketball, None, Product Hero, Protein Powder"
"_SELECTS High Res/KAT/170221-gatorade-kat-0849.jpg","170221-gatorade-kat-0849.jpg","2017:02:21 11:49:40","Gatorade IMG Academy Shoot - Winter 2016","Basketball, None, Product Hero, Protein Powder, Towel"
"_SELECTS High Res/KAT/170221-gatorade-kat-086.jpg","170221-gatorade-kat-086.jpg","2017:02:21 09:51:23","Gatorade IMG Academy Shoot - Winter 2016","Basketball, Karl-Anthony Towns, Male, One, Practice, Protein Powder, Towel"
"_SELECTS High Res/KAT/170221-gatorade-kat-0874.jpg","170221-gatorade-kat-0874.jpg","2017:02:21 11:52:32","Gatorade IMG Academy Shoot - Winter 2016","Basketball, Fuel Bar, None, Product Hero, Towel"
"_SELECTS High Res/KAT/170221-gatorade-kat-0885.jpg","170221-gatorade-kat-0885.jpg","2017:02:21 11:54:04","Gatorade IMG Academy Shoot - Winter 2016","Basketball, Fuel Bar, None, Product Hero, Towel"
"_SELECTS High Res/KAT/170221-gatorade-kat-0887.jpg","170221-gatorade-kat-0887.jpg","2017:02:21 11:54:12","Gatorade IMG Academy Shoot - Winter 2016","Basketball, Fuel Bar, None, Product Hero, Towel"
"_SELECTS High Res/KAT/170221-gatorade-kat-0893.jpg","170221-gatorade-kat-0893.jpg","2017:02:21 11:54:44","Gatorade IMG Academy Shoot - Winter 2016","Basketball, Fuel Bar, None, Product Hero, Towel"
"_SELECTS High Res/KAT/170221-gatorade-kat-0897.jpg","170221-gatorade-kat-0897.jpg","2017:02:21 11:55:08","Gatorade IMG Academy Shoot - Winter 2016","Basketball, None, Product Hero, Recover Bar, Towel"
"_SELECTS High Res/KAT/170221-gatorade-kat-0902.jpg","170221-gatorade-kat-0902.jpg","2017:02:21 11:55:23","Gatorade IMG Academy Shoot - Winter 2016","Basketball, None, Product Hero, Recover Bar, Towel"
"_SELECTS High Res/KAT/170221-gatorade-kat-0916.jpg","170221-gatorade-kat-0916.jpg","2017:02:21 11:56:26","Gatorade IMG Academy Shoot - Winter 2016","Basketball, None, Product Hero, Recover Bar, Towel"
"_SELECTS High Res/KAT/170221-gatorade-kat-0920.jpg","170221-gatorade-kat-0920.jpg","2017:02:21 11:56:39","Gatorade IMG Academy Shoot - Winter 2016","Basketball, None, Product Hero, Recover Bar, Towel"
"_SELECTS High Res/KAT/170221-gatorade-kat-0928.jpg","170221-gatorade-kat-0928.jpg","2017:02:21 11:57:25","Gatorade IMG Academy Shoot - Winter 2016","Basketball, None, Product Hero, Recover Bar, Towel"
"_SELECTS High Res/KAT/170221-gatorade-kat-0930.jpg","170221-gatorade-kat-0930.jpg","2017:02:21 11:58:00","Gatorade IMG Academy Shoot - Winter 2016","Basketball, None, Product Hero, Recover Bar, Towel"
"_SELECTS High Res/KAT/170221-gatorade-kat-0932.jpg","170221-gatorade-kat-0932.jpg","2017:02:21 11:58:06","Gatorade IMG Academy Shoot - Winter 2016","Basketball, None, Product Hero, Recover Bar, Towel"
"_SELECTS High Res/KAT/170221-gatorade-kat-0937.jpg","170221-gatorade-kat-0937.jpg","2017:02:21 11:59:49","Gatorade IMG Academy Shoot - Winter 2016","Basketball, None, Product Hero, Recover Bar, Towel"
"_SELECTS High Res/KAT/170221-gatorade-kat-0939.jpg","170221-gatorade-kat-0939.jpg","2017:02:21 12:01:15","Gatorade IMG Academy Shoot - Winter 2016","Basketball, None, Product Hero, Protein Powder, Towel"
"_SELECTS High Res/KAT/170221-gatorade-kat-0946.jpg","170221-gatorade-kat-0946.jpg","2017:02:21 12:02:29","Gatorade IMG Academy Shoot - Winter 2016","Basketball, None, Product Hero, Protein Powder, Towel"
"_SELECTS High Res/KAT/170221-gatorade-kat-0949.jpg","170221-gatorade-kat-0949.jpg","2017:02:21 12:02:34","Gatorade IMG Academy Shoot - Winter 2016","Basketball, None, Product Hero, Protein Powder, Towel"
"_SELECTS High Res/KAT/170221-gatorade-kat-0961.jpg","170221-gatorade-kat-0961.jpg","2017:02:21 12:05:38","Gatorade IMG Academy Shoot - Winter 2016","Basketball, None, Product Hero, Protein Shake, Towel"
"_SELECTS High Res/KAT/170221-gatorade-kat-0964.jpg","170221-gatorade-kat-0964.jpg","2017:02:21 12:06:37","Gatorade IMG Academy Shoot - Winter 2016","Basketball, None, Product Hero, Protein Shake, Towel"
"_SELECTS High Res/KAT/170221-gatorade-kat-0966.jpg","170221-gatorade-kat-0966.jpg","2017:02:21 12:06:46","Gatorade IMG Academy Shoot - Winter 2016","Basketball, None, Product Hero, Protein Shake, Towel"
"_SELECTS High Res/KAT/170221-gatorade-kat-0974.jpg","170221-gatorade-kat-0974.jpg","2017:02:21 12:07:16","Gatorade IMG Academy Shoot - Winter 2016","Basketball, None, Product Hero, Protein Shake, Towel"
"_SELECTS High Res/KAT/170221-gatorade-kat-0976.jpg","170221-gatorade-kat-0976.jpg","2017:02:21 12:07:34","Gatorade IMG Academy Shoot - Winter 2016","Basketball, None, Product Hero, Protein Powder, Towel"
"_SELECTS High Res/KAT/170221-gatorade-kat-0978.jpg","170221-gatorade-kat-0978.jpg","2017:02:21 12:07:42","Gatorade IMG Academy Shoot - Winter 2016","Basketball, None, Product Hero, Protein Powder, Towel"
"_SELECTS High Res/KAT/170221-gatorade-kat-0983.jpg","170221-gatorade-kat-0983.jpg","2017:02:21 12:08:06","Gatorade IMG Academy Shoot - Winter 2016","Basketball, None, Product Hero, Protein Powder, Towel"
"_SELECTS High Res/KAT/170221-gatorade-kat-0999.jpg","170221-gatorade-kat-0999.jpg","2017:02:21 12:10:03","Gatorade IMG Academy Shoot - Winter 2016","Basketball, None, Product Hero, Protein Powder, Towel"
"_SELECTS High Res/KAT/170221-gatorade-kat-101.jpg","170221-gatorade-kat-101.jpg","2017:02:21 09:52:02","Gatorade IMG Academy Shoot - Winter 2016","Basketball, Karl-Anthony Towns, Male, One, Practice, Protein Powder, Shaker Bottle"
"_SELECTS High Res/KAT/170221-gatorade-kat-1010.jpg","170221-gatorade-kat-1010.jpg","2017:02:21 12:12:29","Gatorade IMG Academy Shoot - Winter 2016","Basketball, None, Product Hero, Protein Powder, Towel"
"_SELECTS High Res/KAT/170221-gatorade-kat-1022.jpg","170221-gatorade-kat-1022.jpg","2017:02:21 12:13:56","Gatorade IMG Academy Shoot - Winter 2016","Basketball, None, Product Hero, Protein Powder"
"_SELECTS High Res/KAT/170221-gatorade-kat-1031.jpg","170221-gatorade-kat-1031.jpg","2017:02:21 12:14:52","Gatorade IMG Academy Shoot - Winter 2016","Basketball, None, Product Hero, Protein Powder, Towel"
"_SELECTS High Res/KAT/170221-gatorade-kat-1033.jpg","170221-gatorade-kat-1033.jpg","2017:02:21 12:15:00","Gatorade IMG Academy Shoot - Winter 2016","Basketball, None, Product Hero, Protein Powder, Towel"
"_SELECTS High Res/KAT/170221-gatorade-kat-1041.jpg","170221-gatorade-kat-1041.jpg","2017:02:21 12:15:59","Gatorade IMG Academy Shoot - Winter 2016","Basketball, None, Product Hero, Protein Powder, Towel"
"_SELECTS High Res/KAT/170221-gatorade-kat-1050.jpg","170221-gatorade-kat-1050.jpg","2017:02:21 12:20:48","Gatorade IMG Academy Shoot - Winter 2016","Basketball, None, Product Hero, Protein Shake, Towel"
"_SELECTS High Res/KAT/170221-gatorade-kat-1052.jpg","170221-gatorade-kat-1052.jpg","2017:02:21 12:20:51","Gatorade IMG Academy Shoot - Winter 2016","Basketball, None, Product Hero, Protein Shake, Towel"
"_SELECTS High Res/KAT/170221-gatorade-kat-1056.jpg","170221-gatorade-kat-1056.jpg","2017:02:21 12:21:09","Gatorade IMG Academy Shoot - Winter 2016","Basketball, None, Product Hero, Protein Shake, Towel"
"_SELECTS High Res/KAT/170221-gatorade-kat-1060.jpg","170221-gatorade-kat-1060.jpg","2017:02:21 12:21:30","Gatorade IMG Academy Shoot - Winter 2016","Basketball, None, Product Hero, Protein Shake, Towel"
"_SELECTS High Res/KAT/170221-gatorade-kat-1062.jpg","170221-gatorade-kat-1062.jpg","2017:02:21 12:21:43","Gatorade IMG Academy Shoot - Winter 2016","Basketball, None, Product Hero, Protein Shake, Towel"
"_SELECTS High Res/KAT/170221-gatorade-kat-1064.jpg","170221-gatorade-kat-1064.jpg","2017:02:21 12:21:51","Gatorade IMG Academy Shoot - Winter 2016","Basketball, None, Product Hero, Protein Shake, Towel"
"_SELECTS High Res/KAT/170221-gatorade-kat-107.jpg","170221-gatorade-kat-107.jpg","2017:02:21 09:52:11","Gatorade IMG Academy Shoot - Winter 2016","Basketball, Karl-Anthony Towns, Male, One, Practice, Protein Powder, Shaker Bottle"
"_SELECTS High Res/KAT/170221-gatorade-kat-1071.jpg","170221-gatorade-kat-1071.jpg","2017:02:21 12:22:55","Gatorade IMG Academy Shoot - Winter 2016","Basketball, None, Product Hero, Protein Shake, Towel"
"_SELECTS High Res/KAT/170221-gatorade-kat-1078.jpg","170221-gatorade-kat-1078.jpg","2017:02:21 12:23:24","Gatorade IMG Academy Shoot - Winter 2016","Basketball, None, Product Hero, Protein Shake, Towel"
"_SELECTS High Res/KAT/170221-gatorade-kat-1087.jpg","170221-gatorade-kat-1087.jpg","2017:02:21 12:25:31","Gatorade IMG Academy Shoot - Winter 2016","Basketball, None, Product Hero, Protein Shake, Towel"
"_SELECTS High Res/KAT/170221-gatorade-kat-1091.jpg","170221-gatorade-kat-1091.jpg","2017:02:21 12:26:08","Gatorade IMG Academy Shoot - Winter 2016","Basketball, None, Product Hero, Protein Shake, Towel"
"_SELECTS High Res/KAT/170221-gatorade-kat-1096.jpg","170221-gatorade-kat-1096.jpg","2017:02:21 12:26:55","Gatorade IMG Academy Shoot - Winter 2016","Basketball, None, Product Hero, Protein Shake, Towel"
"_SELECTS High Res/KAT/170221-gatorade-kat-1100.jpg","170221-gatorade-kat-1100.jpg","2017:02:21 12:27:06","Gatorade IMG Academy Shoot - Winter 2016","Basketball, None, Product Hero, Protein Shake, Towel"
"_SELECTS High Res/KAT/170221-gatorade-kat-111.jpg","170221-gatorade-kat-111.jpg","2017:02:21 09:52:15","Gatorade IMG Academy Shoot - Winter 2016","Basketball, Karl-Anthony Towns, Male, One, Practice, Protein Powder, Shaker Bottle"
"_SELECTS High Res/KAT/170221-gatorade-kat-115.jpg","170221-gatorade-kat-115.jpg","2017:02:21 09:52:23","Gatorade IMG Academy Shoot - Winter 2016","Basketball, Karl-Anthony Towns, Male, One, Practice, Protein Powder, Shaker Bottle"
"_SELECTS High Res/KAT/170221-gatorade-kat-116.jpg","170221-gatorade-kat-116.jpg","2017:02:21 09:52:30","Gatorade IMG Academy Shoot - Winter 2016","Basketball, Karl-Anthony Towns, Male, One, Practice, Protein Powder, Shaker Bottle"
"_SELECTS High Res/KAT/170221-gatorade-kat-119.jpg","170221-gatorade-kat-119.jpg","2017:02:21 09:52:34","Gatorade IMG Academy Shoot - Winter 2016","Basketball, Karl-Anthony Towns, Male, One, Practice, Protein Powder, Shaker Bottle"
"_SELECTS High Res/KAT/170221-gatorade-kat-122.jpg","170221-gatorade-kat-122.jpg","2017:02:21 09:52:39","Gatorade IMG Academy Shoot - Winter 2016","Basketball, Karl-Anthony Towns, Male, One, Practice, Protein Powder, Shaker Bottle"
"_SELECTS High Res/KAT/170221-gatorade-kat-129.jpg","170221-gatorade-kat-129.jpg","2017:02:21 09:52:49","Gatorade IMG Academy Shoot - Winter 2016","Basketball, Karl-Anthony Towns, Male, One, Practice, Protein Powder, Shaker Bottle"
"_SELECTS High Res/KAT/170221-gatorade-kat-146.jpg","170221-gatorade-kat-146.jpg","2017:02:21 09:53:51","Gatorade IMG Academy Shoot - Winter 2016","Basketball, Consumption, Karl-Anthony Towns, Male, One, Practice, Shaker Bottle"
"_SELECTS High Res/KAT/170221-gatorade-kat-154.jpg","170221-gatorade-kat-154.jpg","2017:02:21 09:54:12","Gatorade IMG Academy Shoot - Winter 2016","Basketball, Consumption, Karl-Anthony Towns, Male, One, Practice, Shaker Bottle"
"_SELECTS High Res/KAT/170221-gatorade-kat-157.jpg","170221-gatorade-kat-157.jpg","2017:02:21 09:54:20","Gatorade IMG Academy Shoot - Winter 2016","Basketball, Consumption, Karl-Anthony Towns, Male, One, Practice, Shaker Bottle"
"_SELECTS High Res/KAT/170221-gatorade-kat-164.jpg","170221-gatorade-kat-164.jpg","2017:02:21 09:54:48","Gatorade IMG Academy Shoot - Winter 2016","Basketball, Consumption, Karl-Anthony Towns, Male, One, Practice, Shaker Bottle"
"_SELECTS High Res/KAT/170221-gatorade-kat-167.jpg","170221-gatorade-kat-167.jpg","2017:02:21 09:54:54","Gatorade IMG Academy Shoot - Winter 2016","Basketball, Consumption, Karl-Anthony Towns, Male, One, Practice, Shaker Bottle"
"_SELECTS High Res/KAT/170221-gatorade-kat-169.jpg","170221-gatorade-kat-169.jpg","2017:02:21 09:54:56","Gatorade IMG Academy Shoot - Winter 2016","Basketball, Consumption, Karl-Anthony Towns, Male, One, Practice, Shaker Bottle"
"_SELECTS High Res/KAT/170221-gatorade-kat-176.jpg","170221-gatorade-kat-176.jpg","2017:02:21 09:55:36","Gatorade IMG Academy Shoot - Winter 2016","Basketball, Consumption, Karl-Anthony Towns, Male, One, Practice, Shaker Bottle, Towel"
"_SELECTS High Res/KAT/170221-gatorade-kat-178.jpg","170221-gatorade-kat-178.jpg","2017:02:21 09:55:38","Gatorade IMG Academy Shoot - Winter 2016","Basketball, Consumption, Karl-Anthony Towns, Male, One, Practice, Shaker Bottle, Towel"
"_SELECTS High Res/KAT/170221-gatorade-kat-180.jpg","170221-gatorade-kat-180.jpg","2017:02:21 09:55:40","Gatorade IMG Academy Shoot - Winter 2016","Basketball, Consumption, Karl-Anthony Towns, Male, One, Practice, Shaker Bottle, Towel"
"_SELECTS High Res/KAT/170221-gatorade-kat-183.jpg","170221-gatorade-kat-183.jpg","2017:02:21 09:55:43","Gatorade IMG Academy Shoot - Winter 2016","Basketball, Karl-Anthony Towns, Male, One, Practice, Shaker Bottle, Towel"
"_SELECTS High Res/KAT/170221-gatorade-kat-195.jpg","170221-gatorade-kat-195.jpg","2017:02:21 09:56:03","Gatorade IMG Academy Shoot - Winter 2016","Basketball, Karl-Anthony Towns, Male, One, Practice, Shaker Bottle, Towel"
"_SELECTS High Res/KAT/170221-gatorade-kat-198.jpg","170221-gatorade-kat-198.jpg","2017:02:21 09:56:12","Gatorade IMG Academy Shoot - Winter 2016","Basketball, Karl-Anthony Towns, Male, One, Practice, Shaker Bottle, Towel"
"_SELECTS High Res/KAT/170221-gatorade-kat-201.jpg","170221-gatorade-kat-201.jpg","2017:02:21 09:59:56","Gatorade IMG Academy Shoot - Winter 2016","Basketball, None, Product Hero, Protein Powder, Towel"
"_SELECTS High Res/KAT/170221-gatorade-kat-207.jpg","170221-gatorade-kat-207.jpg","2017:02:21 10:00:32","Gatorade IMG Academy Shoot - Winter 2016","Basketball, None, Product Hero, Protein Powder, Shaker Bottle, Towel"
"_SELECTS High Res/KAT/170221-gatorade-kat-210.jpg","170221-gatorade-kat-210.jpg","2017:02:21 10:00:44","Gatorade IMG Academy Shoot - Winter 2016","Basketball, None, Product Hero, Protein Powder, Shaker Bottle, Towel"
"_SELECTS High Res/KAT/170221-gatorade-kat-212.jpg","170221-gatorade-kat-212.jpg","2017:02:21 10:00:49","Gatorade IMG Academy Shoot - Winter 2016","Basketball, None, Product Hero, Protein Powder, Shaker Bottle, Towel"
"_SELECTS High Res/KAT/170221-gatorade-kat-219.jpg","170221-gatorade-kat-219.jpg","2017:02:21 10:03:20","Gatorade IMG Academy Shoot - Winter 2016","Basketball, None, Product Hero, Protein Powder, Towel"
"_SELECTS High Res/KAT/170221-gatorade-kat-222.jpg","170221-gatorade-kat-222.jpg","2017:02:21 10:03:30","Gatorade IMG Academy Shoot - Winter 2016","Basketball, None, Product Hero, Protein Powder, Shaker Bottle, Towel"
"_SELECTS High Res/KAT/170221-gatorade-kat-225.jpg","170221-gatorade-kat-225.jpg","2017:02:21 10:03:40","Gatorade IMG Academy Shoot - Winter 2016","Basketball, None, Product Hero, Protein Powder, Shaker Bottle, Towel"
"_SELECTS High Res/KAT/170221-gatorade-kat-229.jpg","170221-gatorade-kat-229.jpg","2017:02:21 10:04:05","Gatorade IMG Academy Shoot - Winter 2016","Basketball, None, Product Hero, Protein Powder, Towel"
"_SELECTS High Res/KAT/170221-gatorade-kat-235.jpg","170221-gatorade-kat-235.jpg","2017:02:21 10:04:51","Gatorade IMG Academy Shoot - Winter 2016","Basketball, None, Product Hero, Protein Powder, Shaker Bottle, Towel"
"_SELECTS High Res/KAT/170221-gatorade-kat-238.jpg","170221-gatorade-kat-238.jpg","2017:02:21 10:05:18","Gatorade IMG Academy Shoot - Winter 2016","Basketball, None, Product Hero, Protein Powder, Shaker Bottle, Towel"
"_SELECTS High Res/KAT/170221-gatorade-kat-243.jpg","170221-gatorade-kat-243.jpg","2017:02:21 10:05:56","Gatorade IMG Academy Shoot - Winter 2016","Basketball, None, Product Hero, Protein Powder, Shaker Bottle, Towel"
"_SELECTS High Res/KAT/170221-gatorade-kat-251.jpg","170221-gatorade-kat-251.jpg","2017:02:21 10:06:47","Gatorade IMG Academy Shoot - Winter 2016","Basketball, None, Product Hero, Protein Powder, Shaker Bottle, Towel"
"_SELECTS High Res/KAT/170221-gatorade-kat-254.jpg","170221-gatorade-kat-254.jpg","2017:02:21 10:08:58","Gatorade IMG Academy Shoot - Winter 2016","Basketball, None, Product Hero, Protein Powder, Towel"
"_SELECTS High Res/KAT/170221-gatorade-kat-256.jpg","170221-gatorade-kat-256.jpg","2017:02:21 10:09:23","Gatorade IMG Academy Shoot - Winter 2016","Basketball, None, Product Hero, Protein Powder, Shaker Bottle, Towel"
"_SELECTS High Res/KAT/170221-gatorade-kat-259.jpg","170221-gatorade-kat-259.jpg","2017:02:21 10:09:27","Gatorade IMG Academy Shoot - Winter 2016","Basketball, None, Product Hero, Protein Powder, Shaker Bottle, Towel"
"_SELECTS High Res/KAT/170221-gatorade-kat-264.jpg","170221-gatorade-kat-264.jpg","2017:02:21 10:09:52","Gatorade IMG Academy Shoot - Winter 2016","Basketball, None, Product Hero, Protein Powder, Shaker Bottle, Towel"
"_SELECTS High Res/KAT/170221-gatorade-kat-268.jpg","170221-gatorade-kat-268.jpg","2017:02:21 10:10:00","Gatorade IMG Academy Shoot - Winter 2016","Basketball, None, Product Hero, Protein Powder, Shaker Bottle, Towel"
"_SELECTS High Res/KAT/170221-gatorade-kat-274.jpg","170221-gatorade-kat-274.jpg","2017:02:21 10:10:36","Gatorade IMG Academy Shoot - Winter 2016","Basketball, None, Product Hero, Protein Powder, Towel"
"_SELECTS High Res/KAT/170221-gatorade-kat-278.jpg","170221-gatorade-kat-278.jpg","2017:02:21 10:11:20","Gatorade IMG Academy Shoot - Winter 2016","Basketball, None, Product Hero, Protein Powder, Towel"
"_SELECTS High Res/KAT/170221-gatorade-kat-283.jpg","170221-gatorade-kat-283.jpg","2017:02:21 10:11:38","Gatorade IMG Academy Shoot - Winter 2016","Basketball, None, Product Hero, Protein Powder, Towel"
"_SELECTS High Res/KAT/170221-gatorade-kat-287.jpg","170221-gatorade-kat-287.jpg","2017:02:21 10:12:01","Gatorade IMG Academy Shoot - Winter 2016","Basketball, None, Product Hero, Protein Powder, Towel"
"_SELECTS High Res/KAT/170221-gatorade-kat-289.jpg","170221-gatorade-kat-289.jpg","2017:02:21 10:12:05","Gatorade IMG Academy Shoot - Winter 2016","Basketball, None, Product Hero, Protein Powder, Towel"
"_SELECTS High Res/KAT/170221-gatorade-kat-304.jpg","170221-gatorade-kat-304.jpg","2017:02:21 10:21:14","Gatorade IMG Academy Shoot - Winter 2016","Basketball, Karl-Anthony Towns, Male, One, Practice, Protein Powder, Shaker Bottle, Towel"
"_SELECTS High Res/KAT/170221-gatorade-kat-329.jpg","170221-gatorade-kat-329.jpg","2017:02:21 10:22:23","Gatorade IMG Academy Shoot - Winter 2016","Basketball, Karl-Anthony Towns, Male, One, Practice, Protein Powder, Shaker Bottle, Towel"
"_SELECTS High Res/KAT/170221-gatorade-kat-336.jpg","170221-gatorade-kat-336.jpg","2017:02:21 10:22:36","Gatorade IMG Academy Shoot - Winter 2016","Basketball, Karl-Anthony Towns, Male, One, Practice, Protein Powder, Shaker Bottle, Towel"
"_SELECTS High Res/KAT/170221-gatorade-kat-340.jpg","170221-gatorade-kat-340.jpg","2017:02:21 10:22:45","Gatorade IMG Academy Shoot - Winter 2016","Basketball, Karl-Anthony Towns, Male, One, Practice, Protein Powder, Shaker Bottle, Towel"
"_SELECTS High Res/KAT/170221-gatorade-kat-344.jpg","170221-gatorade-kat-344.jpg","2017:02:21 10:22:52","Gatorade IMG Academy Shoot - Winter 2016","Basketball, Karl-Anthony Towns, Male, One, Practice, Protein Powder, Shaker Bottle, Towel"
"_SELECTS High Res/KAT/170221-gatorade-kat-348.jpg","170221-gatorade-kat-348.jpg","2017:02:21 10:23:01","Gatorade IMG Academy Shoot - Winter 2016","Basketball, Karl-Anthony Towns, Male, One, Practice, Protein Powder, Shaker Bottle, Towel"
"_SELECTS High Res/KAT/170221-gatorade-kat-349.jpg","170221-gatorade-kat-349.jpg","2017:02:21 10:23:02","Gatorade IMG Academy Shoot - Winter 2016","Basketball, Karl-Anthony Towns, Male, One, Practice, Protein Powder, Shaker Bottle, Towel"
"_SELECTS High Res/KAT/170221-gatorade-kat-353.jpg","170221-gatorade-kat-353.jpg","2017:02:21 10:23:10","Gatorade IMG Academy Shoot - Winter 2016","Basketball, Karl-Anthony Towns, Male, One, Practice, Protein Powder, Shaker Bottle, Towel"
"_SELECTS High Res/KAT/170221-gatorade-kat-359.jpg","170221-gatorade-kat-359.jpg","2017:02:21 10:23:23","Gatorade IMG Academy Shoot - Winter 2016","Basketball, Karl-Anthony Towns, Male, One, Practice, Shaker Bottle"
"_SELECTS High Res/KAT/170221-gatorade-kat-363.jpg","170221-gatorade-kat-363.jpg","2017:02:21 10:23:34","Gatorade IMG Academy Shoot - Winter 2016","Basketball, Karl-Anthony Towns, Male, One, Practice, Shaker Bottle"
"_SELECTS High Res/KAT/170221-gatorade-kat-387.jpg","170221-gatorade-kat-387.jpg","2017:02:21 10:24:24","Gatorade IMG Academy Shoot - Winter 2016","Basketball, Consumption, Karl-Anthony Towns, Male, One, Practice, Shaker Bottle, Towel"
"_SELECTS High Res/KAT/170221-gatorade-kat-391.jpg","170221-gatorade-kat-391.jpg","2017:02:21 10:24:27","Gatorade IMG Academy Shoot - Winter 2016","Basketball, Consumption, Karl-Anthony Towns, Male, One, Practice, Shaker Bottle, Towel"
"_SELECTS High Res/KAT/170221-gatorade-kat-405.jpg","170221-gatorade-kat-405.jpg","2017:02:21 10:24:56","Gatorade IMG Academy Shoot - Winter 2016","Basketball, Karl-Anthony Towns, Male, One, Practice, Product Hero, Protein Powder, Shaker Bottle, Towel"
"_SELECTS High Res/KAT/170221-gatorade-kat-421.jpg","170221-gatorade-kat-421.jpg","2017:02:21 10:25:29","Gatorade IMG Academy Shoot - Winter 2016","Basketball, Karl-Anthony Towns, Male, One, Practice, Protein Powder, Shaker Bottle, Towel"
"_SELECTS High Res/KAT/170221-gatorade-kat-428.jpg","170221-gatorade-kat-428.jpg","2017:02:21 10:26:27","Gatorade IMG Academy Shoot - Winter 2016","Basketball, Karl-Anthony Towns, Male, One, Practice, Recover Bar, Towel"
"_SELECTS High Res/KAT/170221-gatorade-kat-446.jpg","170221-gatorade-kat-446.jpg","2017:02:21 10:27:00","Gatorade IMG Academy Shoot - Winter 2016","Basketball, Consumption, Karl-Anthony Towns, Male, One, Practice, Recover Bar, Towel"
"_SELECTS High Res/KAT/170221-gatorade-kat-490.jpg","170221-gatorade-kat-490.jpg","2017:02:21 10:28:58","Gatorade IMG Academy Shoot - Winter 2016","Basketball, Karl-Anthony Towns, Male, One, Practice, Recover Bar, Towel"
"_SELECTS High Res/KAT/170221-gatorade-kat-494.jpg","170221-gatorade-kat-494.jpg","2017:02:21 10:29:01","Gatorade IMG Academy Shoot - Winter 2016","Basketball, Karl-Anthony Towns, Male, One, Practice, Recover Bar, Towel"
"_SELECTS High Res/KAT/170221-gatorade-kat-504.jpg","170221-gatorade-kat-504.jpg","2017:02:21 10:29:09","Gatorade IMG Academy Shoot - Winter 2016","Basketball, Karl-Anthony Towns, Male, One, Practice, Recover Bar, Towel"
"_SELECTS High Res/KAT/170221-gatorade-kat-512.jpg","170221-gatorade-kat-512.jpg","2017:02:21 10:29:18","Gatorade IMG Academy Shoot - Winter 2016","Basketball, Karl-Anthony Towns, Male, One, Practice, Recover Bar"
"_SELECTS High Res/KAT/170221-gatorade-kat-518.jpg","170221-gatorade-kat-518.jpg","2017:02:21 10:29:25","Gatorade IMG Academy Shoot - Winter 2016","Basketball, Karl-Anthony Towns, Male, One, Practice, Recover Bar"
"_SELECTS High Res/KAT/170221-gatorade-kat-525.jpg","170221-gatorade-kat-525.jpg","2017:02:21 10:30:02","Gatorade IMG Academy Shoot - Winter 2016","Basketball, Karl-Anthony Towns, Male, One, Practice, Recover Bar, Towel"
"_SELECTS High Res/KAT/170221-gatorade-kat-533.jpg","170221-gatorade-kat-533.jpg","2017:02:21 10:30:14","Gatorade IMG Academy Shoot - Winter 2016","Basketball, Consumption, Karl-Anthony Towns, Male, One, Practice, Recover Bar, Towel"
"_SELECTS High Res/KAT/170221-gatorade-kat-565.jpg","170221-gatorade-kat-565.jpg","2017:02:21 10:51:31","Gatorade IMG Academy Shoot - Winter 2016","Basketball, None, Product Hero, Recover Bar, Towel"
"_SELECTS High Res/KAT/170221-gatorade-kat-569.jpg","170221-gatorade-kat-569.jpg","2017:02:21 10:52:40","Gatorade IMG Academy Shoot - Winter 2016","Basketball, None, Product Hero, Recover Bar, Towel"
"_SELECTS High Res/KAT/170221-gatorade-kat-571.jpg","170221-gatorade-kat-571.jpg","2017:02:21 10:52:45","Gatorade IMG Academy Shoot - Winter 2016","Basketball, None, Product Hero, Recover Bar, Towel"
"_SELECTS High Res/KAT/170221-gatorade-kat-576.jpg","170221-gatorade-kat-576.jpg","2017:02:21 10:53:20","Gatorade IMG Academy Shoot - Winter 2016","Basketball, None, Product Hero, Recover Bar, Towel"
"_SELECTS High Res/KAT/170221-gatorade-kat-578.jpg","170221-gatorade-kat-578.jpg","2017:02:21 10:53:38","Gatorade IMG Academy Shoot - Winter 2016","Basketball, None, Product Hero, Recover Bar, Towel"
"_SELECTS High Res/KAT/170221-gatorade-kat-585.jpg","170221-gatorade-kat-585.jpg","2017:02:21 10:54:24","Gatorade IMG Academy Shoot - Winter 2016","Basketball, None, Product Hero, Recover Bar, Squeeze Bottles, Towel"
"_SELECTS High Res/KAT/170221-gatorade-kat-587.jpg","170221-gatorade-kat-587.jpg","2017:02:21 10:54:27","Gatorade IMG Academy Shoot - Winter 2016","Basketball, None, Product Hero, Recover Bar, Squeeze Bottles, Towel"
"_SELECTS High Res/KAT/170221-gatorade-kat-591.jpg","170221-gatorade-kat-591.jpg","2017:02:21 10:54:54","Gatorade IMG Academy Shoot - Winter 2016","Basketball, None, Product Hero, Recover Bar, Squeeze Bottles, Towel"
"_SELECTS High Res/KAT/170221-gatorade-kat-594.jpg","170221-gatorade-kat-594.jpg","2017:02:21 10:54:57","Gatorade IMG Academy Shoot - Winter 2016","Basketball, None, Product Hero, Recover Bar, Squeeze Bottles, Towel"
"_SELECTS High Res/KAT/170221-gatorade-kat-606.jpg","170221-gatorade-kat-606.jpg","2017:02:21 10:57:20","Gatorade IMG Academy Shoot - Winter 2016","Basketball, None, Product Hero, Recover Bar, Towel"
"_SELECTS High Res/KAT/170221-gatorade-kat-612.jpg","170221-gatorade-kat-612.jpg","2017:02:21 10:57:40","Gatorade IMG Academy Shoot - Winter 2016","Basketball, None, Product Hero, Recover Bar, Towel"
"_SELECTS High Res/KAT/170221-gatorade-kat-619.jpg","170221-gatorade-kat-619.jpg","2017:02:21 10:58:30","Gatorade IMG Academy Shoot - Winter 2016","Basketball, None, Product Hero, Recover Bar, Squeeze Bottles, Towel"
"_SELECTS High Res/KAT/170221-gatorade-kat-625.jpg","170221-gatorade-kat-625.jpg","2017:02:21 11:02:34","Gatorade IMG Academy Shoot - Winter 2016","Basketball, None, Product Hero, Recover Bar, Towel"
"_SELECTS High Res/KAT/170221-gatorade-kat-628.jpg","170221-gatorade-kat-628.jpg","2017:02:21 11:02:40","Gatorade IMG Academy Shoot - Winter 2016","Basketball, None, Product Hero, Recover Bar, Squeeze Bottles, Towel"
"_SELECTS High Res/KAT/170221-gatorade-kat-634.jpg","170221-gatorade-kat-634.jpg","2017:02:21 11:02:51","Gatorade IMG Academy Shoot - Winter 2016","Basketball, None, Product Hero, Recover Bar, Squeeze Bottles, Towel"
"_SELECTS High Res/KAT/170221-gatorade-kat-637.jpg","170221-gatorade-kat-637.jpg","2017:02:21 11:03:18","Gatorade IMG Academy Shoot - Winter 2016","Basketball, None, Product Hero, Recover Bar, Towel"
"_SELECTS High Res/KAT/170221-gatorade-kat-646.jpg","170221-gatorade-kat-646.jpg","2017:02:21 11:04:33","Gatorade IMG Academy Shoot - Winter 2016","Basketball, None, Product Hero, Recover Bar, Squeeze Bottles, Towel"
"_SELECTS High Res/KAT/4L6A8701.jpg","4L6A8701.jpg","2017:02:21 09:10:40","Gatorade IMG Academy Shoot - Winter 2016","Basketball, None, Towel"
"_SELECTS High Res/KAT/4L6A8705.jpg","4L6A8705.jpg","2017:02:21 09:10:50","Gatorade IMG Academy Shoot - Winter 2016","Basketball, None, Towel"
"_SELECTS High Res/KAT/4L6A8726.jpg","4L6A8726.jpg","2017:02:21 09:28:35","Gatorade IMG Academy Shoot - Winter 2016","Basketball, None, Towel"
"_SELECTS High Res/KAT/4L6A8744.jpg","4L6A8744.jpg","2017:02:21 11:05:30","Gatorade IMG Academy Shoot - Winter 2016","Basketball, Coolers, Cups, None, Product Hero, Towel"
"_SELECTS High Res/KAT/4L6A8746.jpg","4L6A8746.jpg","2017:02:21 11:05:35","Gatorade IMG Academy Shoot - Winter 2016","Basketball, Coolers, Cups, None, Product Hero, Towel"
"_SELECTS High Res/KAT/4L6A8748.jpg","4L6A8748.jpg","2017:02:21 11:05:37","Gatorade IMG Academy Shoot - Winter 2016","Basketball, Coolers, None, Product Hero, Towel"
"_SELECTS High Res/KAT/4L6A8752.jpg","4L6A8752.jpg","2017:02:21 11:05:44","Gatorade IMG Academy Shoot - Winter 2016","Basketball, Coolers, None, Product Hero, Squeeze Bottles"
"_SELECTS High Res/KAT/4L6A8757.jpg","4L6A8757.jpg","2017:02:21 11:05:52","Gatorade IMG Academy Shoot - Winter 2016","Basketball, Coolers, None, Product Hero, Towel"
"_SELECTS High Res/KAT/4L6A8760.jpg","4L6A8760.jpg","2017:02:21 11:06:05","Gatorade IMG Academy Shoot - Winter 2016","Basketball, Coolers, Cups, None, Product Hero, Towel"
"_SELECTS High Res/KAT/4L6A8762.jpg","4L6A8762.jpg","2017:02:21 11:06:09","Gatorade IMG Academy Shoot - Winter 2016","Basketball, Coolers, Cups, None, Product Hero, Towel"
"_SELECTS High Res/KAT/4L6A8764.jpg","4L6A8764.jpg","2017:02:21 11:06:11","Gatorade IMG Academy Shoot - Winter 2016","Basketball, Coolers, Cups, None, Product Hero, Towel"
"_SELECTS High Res/KAT/4L6A8781.jpg","4L6A8781.jpg","2017:02:21 11:09:16","Gatorade IMG Academy Shoot - Winter 2016","Basketball, None, Product Hero, Protein Shake"
"_SELECTS High Res/KAT/4L6A8788.jpg","4L6A8788.jpg","2017:02:21 11:09:26","Gatorade IMG Academy Shoot - Winter 2016","Basketball, None, Product Hero, Protein Shake"
"_SELECTS High Res/KAT/4L6A8795.jpg","4L6A8795.jpg","2017:02:21 11:10:17","Gatorade IMG Academy Shoot - Winter 2016","Basketball, None, Product Hero, Protein Shake, Towel"
"_SELECTS High Res/KAT/4L6A8805.jpg","4L6A8805.jpg","2017:02:21 11:10:51","Gatorade IMG Academy Shoot - Winter 2016","Basketball, None, Product Hero, Protein Shake, Towel"
"_SELECTS High Res/KAT/4L6A8828.jpg","4L6A8828.jpg","2017:02:21 11:11:30","Gatorade IMG Academy Shoot - Winter 2016","Basketball, None, Product Hero, Protein Shake, Towel"
"_SELECTS High Res/KAT/4L6A8831.jpg","4L6A8831.jpg","2017:02:21 11:11:32","Gatorade IMG Academy Shoot - Winter 2016","Basketball, None, Product Hero, Protein Shake, Towel"
"_SELECTS High Res/KAT/4L6A8841.jpg","4L6A8841.jpg","2017:02:21 11:12:00","Gatorade IMG Academy Shoot - Winter 2016","Basketball, None, Product Hero, Protein Shake, Towel, GTQ - Frost, Shaker Bottle"
